[
  {
    "id": "f7a9f3e0-a2db-411c-a2bd-ea38b3c33699",
    "data": [
      {
        "text": "end conversation",
        "userDefined": false
      }
    ],
    "isTemplate": false,
    "count": 0,
    "updated": 0
  },
  {
    "id": "a8040fc1-000b-4f91-8d1f-dee9cea13d08",
    "data": [
      {
        "text": "end",
        "userDefined": false
      }
    ],
    "isTemplate": false,
    "count": 0,
    "updated": 0
  },
  {
    "id": "737d756f-83f4-4ccc-a074-0834ef5ef48e",
    "data": [
      {
        "text": "quit",
        "userDefined": false
      }
    ],
    "isTemplate": false,
    "count": 0,
    "updated": 0
  },
  {
    "id": "71032182-f3f9-478e-877a-c01d12ffa29e",
    "data": [
      {
        "text": "Bye",
        "userDefined": false
      }
    ],
    "isTemplate": false,
    "count": 0,
    "updated": 0
  },
  {
    "id": "dd7a945a-0abc-44da-be13-209dcbde613f",
    "data": [
      {
        "text": "Goodbye",
        "userDefined": false
      }
    ],
    "isTemplate": false,
    "count": 0,
    "updated": 0
  },
  {
    "id": "d317a538-3b4f-4c5b-b94f-0417b683a030",
    "data": [
      {
        "text": "Thank You",
        "userDefined": false
      }
    ],
    "isTemplate": false,
    "count": 0,
    "updated": 0
  },
  {
    "id": "6379f0c7-ee74-49e5-9bab-c032312b30ff",
    "data": [
      {
        "text": "Close",
        "userDefined": false
      }
    ],
    "isTemplate": false,
    "count": 0,
    "updated": 0
  }
]