[
  {
    "id": "d6b1b883-3c60-4b9a-83cc-b7b3ab7641f3",
    "data": [
      {
        "text": "read aloud",
        "userDefined": false
      }
    ],
    "isTemplate": false,
    "count": 0,
    "updated": 0
  },
  {
    "id": "7a64f192-12ea-425f-8a43-54a39bde1c85",
    "data": [
      {
        "text": "please narrate the content",
        "userDefined": false
      }
    ],
    "isTemplate": false,
    "count": 0,
    "updated": 0
  },
  {
    "id": "fd3ae796-6ccf-4d0f-9375-be3d87d645ce",
    "data": [
      {
        "text": "read the content",
        "userDefined": false
      }
    ],
    "isTemplate": false,
    "count": 0,
    "updated": 0
  },
  {
    "id": "6c5d4913-22e8-4297-a67e-52fbbd95e4cd",
    "data": [
      {
        "text": "narrate",
        "userDefined": false
      }
    ],
    "isTemplate": false,
    "count": 0,
    "updated": 0
  },
  {
    "id": "7cbb0220-df71-451a-b4bd-5a849aa390f9",
    "data": [
      {
        "text": "narrate the content",
        "userDefined": false
      }
    ],
    "isTemplate": false,
    "count": 0,
    "updated": 0
  }
]